{
    "action": {
        "mean": [
            0.5444459915161133,
            0.0006728441221639514,
            0.32045629620552063,
            0.08815183490514755,
            -0.0003649781574495137,
            -0.49132856726646423,
            0.4859964847564697,
            -0.12859651446342468,
            0.116498664021492,
            0.4010031819343567,
            0.08634048700332642,
            0.4730435311794281,
            -0.048279549926519394,
            -1.727648138999939,
            -0.09448366612195969,
            2.2636709213256836,
            -0.16986365616321564
        ],
        "std": [
            0.11196079850196838,
            0.31248483061790466,
            0.19094185531139374,
            0.5754572153091431,
            0.34039023518562317,
            0.5511884689331055,
            0.5650026202201843,
            0.260168194770813,
            0.5888826251029968,
            0.4420638978481293,
            0.5168144106864929,
            0.5416669845581055,
            0.368845134973526,
            0.4841535687446594,
            0.49455031752586365,
            0.411504864692688,
            0.6770331859588623
        ],
        "min": [
            0.29008662700653076,
            -0.6011795997619629,
            -0.004260015673935413,
            -0.9991557598114014,
            -0.6782792210578918,
            -0.9998607039451599,
            -0.8376816511154175,
            -0.8177980780601501,
            -0.9994775652885437,
            0.0,
            -0.6856127381324768,
            -0.5755881071090698,
            -1.144209384918213,
            -2.5053017139434814,
            -1.5517704486846924,
            1.5090316534042358,
            -1.4737954139709473
        ],
        "max": [
            0.6961188912391663,
            0.7033843398094177,
            0.7690073847770691,
            0.9892286658287048,
            0.7877424955368042,
            0.6604393720626831,
            0.999996542930603,
            0.38913899660110474,
            0.9777563810348511,
            1.0,
            1.890452265739441,
            1.5922945737838745,
            0.5886840224266052,
            -0.5610233545303345,
            0.5861471891403198,
            3.476914644241333,
            1.3992640972137451
        ],
        "q01": [
            0.2922680079936981,
            -0.5941858291625977,
            0.0030179673340171576,
            -0.9891794919967651,
            -0.6195240020751953,
            -0.9974600672721863,
            -0.785931408405304,
            -0.8111711740493774,
            -0.9803599119186401,
            0.0,
            -0.6834460496902466,
            -0.4209233224391937,
            -1.1376873254776,
            -2.4666125774383545,
            -1.546258807182312,
            1.5608015060424805,
            -1.4482932090759277
        ],
        "q99": [
            0.6955491304397583,
            0.6985539197921753,
            0.7498341202735901,
            0.976172924041748,
            0.7877424955368042,
            0.6426218748092651,
            0.9990008473396301,
            0.3754275441169739,
            0.9709399938583374,
            0.9974780082702637,
            1.7865182161331177,
            1.5094932317733765,
            0.5565402507781982,
            -0.6328021883964539,
            0.5057953596115112,
            3.436197280883789,
            1.3614182472229004
        ]
    },
    "observation.state": {
        "mean": [
            0.5434713959693909,
            -0.001445216708816588,
            0.3193525969982147,
            0.08118283003568649,
            0.003153428668156266,
            -0.5073641538619995,
            0.5017179250717163,
            -0.12669038772583008,
            0.10941077768802643,
            0.35925987362861633,
            0.07708907127380371,
            0.4735225737094879,
            -0.049846962094306946,
            -1.7333053350448608,
            -0.09704513847827911,
            2.258286952972412,
            -0.1533462554216385
        ],
        "std": [
            0.10636541247367859,
            0.3017789125442505,
            0.18669173121452332,
            0.574813961982727,
            0.3392915725708008,
            0.5389350652694702,
            0.5530298948287964,
            0.2554329037666321,
            0.5909058451652527,
            0.40394988656044006,
            0.5045275688171387,
            0.5398584604263306,
            0.3690968155860901,
            0.4751741588115692,
            0.4835607707500458,
            0.411763072013855,
            0.6698252558708191
        ],
        "min": [
            0.2983984053134918,
            -0.5528624057769775,
            0.03477378934621811,
            -0.9992062449455261,
            -0.679516077041626,
            -0.9999886751174927,
            -0.7876043915748596,
            -0.8260241150856018,
            -0.9997135996818542,
            0.0,
            -0.6748055815696716,
            -0.4226653277873993,
            -1.1486613750457764,
            -2.48738956451416,
            -1.5257046222686768,
            1.5116517543792725,
            -1.4591554403305054
        ],
        "max": [
            0.6932946443557739,
            0.6848794221878052,
            0.7470440864562988,
            0.9853811264038086,
            0.8158777952194214,
            0.584469199180603,
            0.9999576210975647,
            0.37267133593559265,
            0.9823699593544006,
            0.9911894202232361,
            1.8788210153579712,
            1.5030596256256104,
            0.5555510520935059,
            -0.6200955510139465,
            0.5116546750068665,
            3.4765472412109375,
            1.3659651279449463
        ],
        "q01": [
            0.30021393299102783,
            -0.5454533100128174,
            0.040678441524505615,
            -0.9860363602638245,
            -0.6176698207855225,
            -0.9974437952041626,
            -0.7832835912704468,
            -0.8167447447776794,
            -0.981991708278656,
            0.0,
            -0.67462158203125,
            -0.42107200622558594,
            -1.1363329887390137,
            -2.467700958251953,
            -1.525560975074768,
            1.5278092622756958,
            -1.445098638534546
        ],
        "q99": [
            0.6911274194717407,
            0.677255392074585,
            0.7351218461990356,
            0.9767449498176575,
            0.7877424955368042,
            0.5694869160652161,
            0.9994880557060242,
            0.3602999746799469,
            0.9776942729949951,
            0.9691630005836487,
            1.7432327270507812,
            1.499954342842102,
            0.5322058796882629,
            -0.6630070805549622,
            0.45220300555229187,
            3.446155548095703,
            1.3584744930267334
        ]
    },
    "__fingerprints__": {
        "observation.state": "sha256:edda7d765942f8b5f187f6c395dfc6981e7aa38ac9e97503a7ffd53e0b71ac7d",
        "action": "sha256:99173041873a763043fa70da1891b7ebdf30e154106979be7b5748a063d28980"
    }
}